{
	"credit": "Made with Blockbench",
	"elements": [
		{
			"from": [0, 0, 0],
			"to": [16, 16, 16],
			"color": 8,
			"faces": {
				"north": {"uv": [0, 0, 16, 16], "texture": "#missing"},
				"east": {"uv": [0, 0, 16, 16], "texture": "#missing"},
				"south": {"uv": [0, 0, 16, 16], "texture": "#missing"},
				"west": {"uv": [0, 0, 16, 16], "texture": "#missing"},
				"up": {"uv": [0, 0, 16, 16], "texture": "#missing"},
				"down": {"uv": [0, 0, 16, 16], "texture": "#missing"}
			}
		},
		{
			"from": [6, 7, -16],
			"to": [10, 11, 0],
			"color": 1,
			"faces": {
				"north": {"uv": [0, 0, 4, 4], "texture": "#missing"},
				"east": {"uv": [0, 0, 16, 4], "texture": "#missing"},
				"south": {"uv": [0, 0, 4, 4], "texture": "#missing"},
				"west": {"uv": [0, 0, 16, 4], "texture": "#missing"},
				"up": {"uv": [0, 0, 4, 16], "texture": "#missing"},
				"down": {"uv": [0, 0, 4, 16], "texture": "#missing"}
			}
		},
		{
			"from": [6, 7, 16],
			"to": [10, 11, 32],
			"color": 1,
			"faces": {
				"north": {"uv": [0, 0, 4, 4], "texture": "#missing"},
				"east": {"uv": [0, 0, 16, 4], "texture": "#missing"},
				"south": {"uv": [0, 0, 4, 4], "texture": "#missing"},
				"west": {"uv": [0, 0, 16, 4], "texture": "#missing"},
				"up": {"uv": [0, 0, 4, 16], "texture": "#missing"},
				"down": {"uv": [0, 0, 4, 16], "texture": "#missing"}
			}
		},
		{
			"from": [6, 16, 6],
			"to": [10, 32, 10],
			"color": 1,
			"faces": {
				"north": {"uv": [0, 0, 4, 16], "rotation": 180, "texture": "#missing"},
				"east": {"uv": [0, 0, 16, 4], "rotation": 90, "texture": "#missing"},
				"south": {"uv": [0, 0, 4, 16], "texture": "#missing"},
				"west": {"uv": [0, 0, 16, 4], "rotation": 270, "texture": "#missing"},
				"up": {"uv": [0, 0, 4, 4], "texture": "#missing"},
				"down": {"uv": [0, 0, 4, 4], "rotation": 180, "texture": "#missing"}
			}
		},
		{
			"from": [6, -16, 6],
			"to": [10, 0, 10],
			"color": 1,
			"faces": {
				"north": {"uv": [0, 0, 4, 16], "rotation": 180, "texture": "#missing"},
				"east": {"uv": [0, 0, 16, 4], "rotation": 90, "texture": "#missing"},
				"south": {"uv": [0, 0, 4, 16], "texture": "#missing"},
				"west": {"uv": [0, 0, 16, 4], "rotation": 270, "texture": "#missing"},
				"up": {"uv": [0, 0, 4, 4], "texture": "#missing"},
				"down": {"uv": [0, 0, 4, 4], "rotation": 180, "texture": "#missing"}
			}
		}
	]
}