{
	"credit": "Made with Blockbench",
	"texture_size": [64, 64],
	"textures": {
		"0": "crate",
		"particle": "crate"
	},
	"elements": [
		{
			"from": [1, 0, 1],
			"to": [15, 13, 15],
			"faces": {
				"north": {"uv": [3.5, 0, 7, 3.25], "texture": "#0"},
				"east": {"uv": [3.5, 3.25, 7, 6.5], "texture": "#0"},
				"south": {"uv": [3.5, 6.5, 7, 9.75], "texture": "#0"},
				"west": {"uv": [0, 7, 3.5, 10.25], "texture": "#0"},
				"up": {"uv": [3.5, 3.5, 0, 0], "texture": "#0"},
				"down": {"uv": [3.5, 3.5, 0, 7], "texture": "#0"}
			}
		},
		{
			"from": [0, 0, 0],
			"to": [1, 13, 1],
			"color": 0,
			"faces": {
				"north": {"uv": [0, 0, 0.25, 3.25], "texture": "#missing"},
				"east": {"uv": [0, 0, 0.25, 3.25], "texture": "#missing"},
				"south": {"uv": [0, 0, 0.25, 3.25], "texture": "#missing"},
				"west": {"uv": [0, 0, 0.25, 3.25], "texture": "#missing"},
				"up": {"uv": [0, 0, 0.25, 0.25], "texture": "#missing"},
				"down": {"uv": [0, 0, 0.25, 0.25], "texture": "#missing"}
			}
		},
		{
			"from": [15, 0, 0],
			"to": [16, 13, 1],
			"color": 0,
			"faces": {
				"north": {"uv": [0, 0, 0.25, 3.25], "texture": "#missing"},
				"east": {"uv": [0, 0, 0.25, 3.25], "texture": "#missing"},
				"south": {"uv": [0, 0, 0.25, 3.25], "texture": "#missing"},
				"west": {"uv": [0, 0, 0.25, 3.25], "texture": "#missing"},
				"up": {"uv": [0, 0, 0.25, 0.25], "texture": "#missing"},
				"down": {"uv": [0, 0, 0.25, 0.25], "texture": "#missing"}
			}
		},
		{
			"from": [0, 0, 15],
			"to": [1, 13, 16],
			"color": 0,
			"faces": {
				"north": {"uv": [0, 0, 0.25, 3.25], "texture": "#missing"},
				"east": {"uv": [0, 0, 0.25, 3.25], "texture": "#missing"},
				"south": {"uv": [0, 0, 0.25, 3.25], "texture": "#missing"},
				"west": {"uv": [0, 0, 0.25, 3.25], "texture": "#missing"},
				"up": {"uv": [0, 0, 0.25, 0.25], "texture": "#missing"},
				"down": {"uv": [0, 0, 0.25, 0.25], "texture": "#missing"}
			}
		},
		{
			"from": [15, 0, 15],
			"to": [16, 13, 16],
			"color": 0,
			"faces": {
				"north": {"uv": [0, 0, 0.25, 3.25], "texture": "#missing"},
				"east": {"uv": [0, 0, 0.25, 3.25], "texture": "#missing"},
				"south": {"uv": [0, 0, 0.25, 3.25], "texture": "#missing"},
				"west": {"uv": [0, 0, 0.25, 3.25], "texture": "#missing"},
				"up": {"uv": [0, 0, 0.25, 0.25], "texture": "#missing"},
				"down": {"uv": [0, 0, 0.25, 0.25], "texture": "#missing"}
			}
		}
	]
}