{
	"credit": "Made with Blockbench",
	"texture_size": [32, 32],
	"textures": {
		"3": "drillspining",
		"4": "prob:items/drillspining",
		"particle": "prob:items/drillspining"
	},
	"elements": [
		{
			"from": [8, -3, -7],
			"to": [8, 26, 25],
			"faces": {
				"east": {"uv": [0, 0, 16, 14.5], "texture": "#4"},
				"west": {"uv": [0, 0, 16, 14.5], "texture": "#3"}
			}
		}
	],
	"display": {
		"thirdperson_righthand": {
			"rotation": [-123, 1, 0],
			"scale": [0.45, 0.47, 0.48]
		},
		"thirdperson_lefthand": {
			"rotation": [-98, 0, 0],
			"scale": [0.56, 0.58, 0.55]
		},
		"firstperson_righthand": {
			"rotation": [-137, 0, 0]
		},
		"firstperson_lefthand": {
			"rotation": [-129, 0, 0]
		},
		"gui": {
			"rotation": [0, 85, 0],
			"scale": [0.59, 0.48, 0.48]
		},
		"head": {
			"rotation": [-134, 0, 0]
		},
		"fixed": {
			"rotation": [-3, -84, 0],
			"translation": [0.25, 0, 0],
			"scale": [0.49, 0.47, 0.46]
		}
	}
}