{
	"credit": "Made with Blockbench",
	"elements": [
		{
			"from": [5, 10, 5],
			"to": [11, 11, 11],
			"color": 4,
			"faces": {
				"north": {"uv": [0, 0, 6, 1], "texture": "#missing"},
				"east": {"uv": [0, 0, 6, 1], "texture": "#missing"},
				"south": {"uv": [0, 0, 6, 1], "texture": "#missing"},
				"west": {"uv": [0, 0, 6, 1], "texture": "#missing"},
				"up": {"uv": [0, 0, 6, 6], "texture": "#missing"},
				"down": {"uv": [0, 0, 6, 6], "texture": "#missing"}
			}
		},
		{
			"from": [6, 11, 6],
			"to": [10, 12, 10],
			"color": 4,
			"faces": {
				"north": {"uv": [0, 0, 4, 1], "texture": "#missing"},
				"east": {"uv": [0, 0, 4, 1], "texture": "#missing"},
				"south": {"uv": [0, 0, 4, 1], "texture": "#missing"},
				"west": {"uv": [0, 0, 4, 1], "texture": "#missing"},
				"up": {"uv": [0, 0, 4, 4], "texture": "#missing"},
				"down": {"uv": [0, 0, 4, 4], "texture": "#missing"}
			}
		},
		{
			"from": [7, 14, 7],
			"to": [9, 15, 9],
			"color": 4,
			"faces": {
				"north": {"uv": [0, 0, 2, 1], "texture": "#missing"},
				"east": {"uv": [0, 0, 2, 1], "texture": "#missing"},
				"south": {"uv": [0, 0, 2, 1], "texture": "#missing"},
				"west": {"uv": [0, 0, 2, 1], "texture": "#missing"},
				"up": {"uv": [0, 0, 2, 2], "texture": "#missing"},
				"down": {"uv": [0, 0, 2, 2], "texture": "#missing"}
			}
		},
		{
			"from": [7, 13, 7],
			"to": [9, 14, 9],
			"color": 4,
			"faces": {
				"north": {"uv": [0, 0, 2, 1], "texture": "#missing"},
				"east": {"uv": [0, 0, 2, 1], "texture": "#missing"},
				"south": {"uv": [0, 0, 2, 1], "texture": "#missing"},
				"west": {"uv": [0, 0, 2, 1], "texture": "#missing"},
				"up": {"uv": [0, 0, 2, 2], "texture": "#missing"},
				"down": {"uv": [0, 0, 2, 2], "texture": "#missing"}
			}
		},
		{
			"from": [4, 9, 4],
			"to": [12, 10, 12],
			"color": 4,
			"faces": {
				"north": {"uv": [0, 0, 8, 1], "texture": "#missing"},
				"east": {"uv": [0, 0, 8, 1], "texture": "#missing"},
				"south": {"uv": [0, 0, 8, 1], "texture": "#missing"},
				"west": {"uv": [0, 0, 8, 1], "texture": "#missing"},
				"up": {"uv": [0, 0, 8, 8], "texture": "#missing"},
				"down": {"uv": [0, 0, 8, 8], "texture": "#missing"}
			}
		},
		{
			"from": [6, 12, 6],
			"to": [10, 13, 10],
			"color": 4,
			"faces": {
				"north": {"uv": [0, 0, 4, 1], "texture": "#missing"},
				"east": {"uv": [0, 0, 4, 1], "texture": "#missing"},
				"south": {"uv": [0, 0, 4, 1], "texture": "#missing"},
				"west": {"uv": [0, 0, 4, 1], "texture": "#missing"},
				"up": {"uv": [0, 0, 4, 4], "texture": "#missing"},
				"down": {"uv": [0, 0, 4, 4], "texture": "#missing"}
			}
		},
		{
			"from": [6, 0, 6],
			"to": [10, 10, 10],
			"color": 4,
			"faces": {
				"north": {"uv": [0, 0, 4, 10], "texture": "#missing"},
				"east": {"uv": [0, 0, 4, 10], "texture": "#missing"},
				"south": {"uv": [0, 0, 4, 10], "texture": "#missing"},
				"west": {"uv": [0, 0, 4, 10], "texture": "#missing"},
				"up": {"uv": [0, 0, 4, 4], "texture": "#missing"},
				"down": {"uv": [0, 0, 4, 4], "texture": "#missing"}
			}
		}
	]
}