{
  "_fv": 39,
  "_type": "gui",
  "definition": {
    "type": 1,
    "width": 176,
    "height": 166,
    "inventoryOffsetX": 0,
    "inventoryOffsetY": 0,
    "renderBgLayer": true,
    "doesPauseGame": false,
    "components": [
      {
        "type": "label",
        "data": {
          "name": "label_alloy_furneace",
          "text": {
            "fixedValue": "Alloy Furneace"
          },
          "color": {
            "value": -12829636,
            "falpha": 0.0
          },
          "x": 132,
          "y": 44
        }
      },
      {
        "type": "inputslot",
        "data": {
          "inputLimit": {
            "value": ""
          },
          "disablePlacement": {
            "fixedValue": false
          },
          "id": 0,
          "disablePickup": {
            "fixedValue": false
          },
          "dropItemsWhenNotBound": true,
          "x": 132,
          "y": 80
        }
      },
      {
        "type": "inputslot",
        "data": {
          "inputLimit": {
            "value": ""
          },
          "disablePlacement": {
            "fixedValue": false
          },
          "id": 1,
          "disablePickup": {
            "fixedValue": false
          },
          "dropItemsWhenNotBound": true,
          "x": 168,
          "y": 98
        }
      },
      {
        "type": "inputslot",
        "data": {
          "inputLimit": {
            "value": ""
          },
          "disablePlacement": {
            "fixedValue": false
          },
          "id": 2,
          "disablePickup": {
            "fixedValue": false
          },
          "dropItemsWhenNotBound": true,
          "x": 168,
          "y": 62
        }
      },
      {
        "type": "image",
        "data": {
          "image": "progress_bar_empty.png",
          "use1Xscale": false,
          "x": 231,
          "y": 44
        }
      },
      {
        "type": "image",
        "data": {
          "image": "progress_bar_filled_0.png",
          "use1Xscale": false,
          "displayCondition": {
            "name": "Progressbarempty"
          },
          "x": 231,
          "y": 44
        }
      },
      {
        "type": "image",
        "data": {
          "image": "progress_bar_filled_1.png",
          "use1Xscale": false,
          "displayCondition": {
            "name": "Progressbar1"
          },
          "x": 231,
          "y": 44
        }
      },
      {
        "type": "image",
        "data": {
          "image": "progress_bar_filled_2.png",
          "use1Xscale": false,
          "displayCondition": {
            "name": "Progressbar2"
          },
          "x": 231,
          "y": 44
        }
      },
      {
        "type": "image",
        "data": {
          "image": "progress_bar_filled_3.png",
          "use1Xscale": false,
          "displayCondition": {
            "name": "Progressbar3"
          },
          "x": 231,
          "y": 44
        }
      },
      {
        "type": "image",
        "data": {
          "image": "progress_bar_filled_4.png",
          "use1Xscale": false,
          "displayCondition": {
            "name": "Progressbar4"
          },
          "x": 231,
          "y": 44
        }
      },
      {
        "type": "image",
        "data": {
          "image": "progress_bar_filled_5.png",
          "use1Xscale": false,
          "displayCondition": {
            "name": "Progressbar5"
          },
          "x": 231,
          "y": 44
        }
      },
      {
        "type": "image",
        "data": {
          "image": "progress_bar_filled_6.png",
          "use1Xscale": false,
          "displayCondition": {
            "name": "Progressbar6"
          },
          "x": 231,
          "y": 44
        }
      },
      {
        "type": "image",
        "data": {
          "image": "progress_bar_filled_7.png",
          "use1Xscale": false,
          "displayCondition": {
            "name": "Progressbar7"
          },
          "x": 231,
          "y": 44
        }
      },
      {
        "type": "image",
        "data": {
          "image": "progress_bar_filled_8.png",
          "use1Xscale": false,
          "displayCondition": {
            "name": "Progressbar8"
          },
          "x": 231,
          "y": 44
        }
      },
      {
        "type": "image",
        "data": {
          "image": "progress_bar_filled_9.png",
          "use1Xscale": false,
          "displayCondition": {
            "name": "Progressbar9"
          },
          "x": 231,
          "y": 44
        }
      },
      {
        "type": "outputslot",
        "data": {
          "color": {
            "value": -3355444,
            "falpha": 0.0
          },
          "id": 3,
          "disablePickup": {
            "fixedValue": false
          },
          "dropItemsWhenNotBound": true,
          "x": 267,
          "y": 80
        }
      }
    ],
    "gridSettings": {
      "sx": 18,
      "sy": 18,
      "ox": 11,
      "oy": 15,
      "snapOnGrid": true
    }
  }
}