{
  "_fv": 34,
  "_type": "gui",
  "definition": {
    "type": 1,
    "width": 176,
    "height": 166,
    "inventoryOffsetX": 0,
    "inventoryOffsetY": 0,
    "renderBgLayer": true,
    "doesPauseGame": false,
    "components": [
      {
        "type": "inputslot",
        "data": {
          "inputLimit": {
            "value": ""
          },
          "id": 0,
          "disableStackInteraction": false,
          "dropItemsWhenNotBound": true,
          "name": "Slot #0",
          "x": 168,
          "y": 62
        }
      },
      {
        "type": "inputslot",
        "data": {
          "inputLimit": {
            "value": ""
          },
          "id": 1,
          "disableStackInteraction": false,
          "dropItemsWhenNotBound": true,
          "name": "Slot #1",
          "x": 168,
          "y": 98
        }
      },
      {
        "type": "inputslot",
        "data": {
          "inputLimit": {
            "value": ""
          },
          "id": 2,
          "disableStackInteraction": false,
          "dropItemsWhenNotBound": true,
          "name": "Slot #2",
          "x": 222,
          "y": 80
        }
      },
      {
        "type": "label",
        "data": {
          "text": "Electric Alloy Smelter",
          "color": {
            "value": -16645630,
            "falpha": 0.0
          },
          "name": "Electric Alloy Smelter",
          "x": 132,
          "y": 44
        }
      },
      {
        "type": "label",
        "data": {
          "text": "<BNBT:integer:Process>",
          "color": {
            "value": -12829636,
            "falpha": 0.0
          },
          "name": "<BNBT:integer:Process>",
          "x": 249,
          "y": 44
        }
      },
      {
        "type": "label",
        "data": {
          "text": "<energy>",
          "color": {
            "value": -12829636,
            "falpha": 0.0
          },
          "name": "<energy>",
          "x": 249,
          "y": 62
        }
      }
    ],
    "gridSettings": {
      "sx": 18,
      "sy": 18,
      "ox": 11,
      "oy": 15,
      "snapOnGrid": true
    }
  }
}