{
  "_fv": 39,
  "_type": "gui",
  "definition": {
    "type": 1,
    "width": 176,
    "height": 166,
    "inventoryOffsetX": 0,
    "inventoryOffsetY": 0,
    "renderBgLayer": true,
    "doesPauseGame": false,
    "components": [
      {
        "type": "inputslot",
        "data": {
          "inputLimit": {
            "value": ""
          },
          "disablePlacement": {
            "fixedValue": false
          },
          "id": 0,
          "disablePickup": {
            "fixedValue": false
          },
          "dropItemsWhenNotBound": true,
          "x": 168,
          "y": 62
        }
      },
      {
        "type": "inputslot",
        "data": {
          "inputLimit": {
            "value": ""
          },
          "disablePlacement": {
            "fixedValue": false
          },
          "id": 1,
          "disablePickup": {
            "fixedValue": false
          },
          "dropItemsWhenNotBound": true,
          "x": 168,
          "y": 98
        }
      },
      {
        "type": "inputslot",
        "data": {
          "inputLimit": {
            "value": ""
          },
          "disablePlacement": {
            "fixedValue": false
          },
          "id": 2,
          "disablePickup": {
            "fixedValue": false
          },
          "dropItemsWhenNotBound": true,
          "x": 222,
          "y": 80
        }
      },
      {
        "type": "label",
        "data": {
          "name": "label_electric_alloy_smelter",
          "text": {
            "fixedValue": "Electric Alloy Smelter"
          },
          "color": {
            "value": -16645630,
            "falpha": 0.0
          },
          "x": 132,
          "y": 44
        }
      },
      {
        "type": "label",
        "data": {
          "name": "label_bnbtintegerprocess",
          "text": {
            "fixedValue": "<BNBT:integer:Process>"
          },
          "color": {
            "value": -12829636,
            "falpha": 0.0
          },
          "x": 249,
          "y": 44
        }
      },
      {
        "type": "label",
        "data": {
          "name": "label_energy",
          "text": {
            "fixedValue": "<energy>"
          },
          "color": {
            "value": -12829636,
            "falpha": 0.0
          },
          "x": 249,
          "y": 62
        }
      }
    ],
    "gridSettings": {
      "sx": 18,
      "sy": 18,
      "ox": 11,
      "oy": 15,
      "snapOnGrid": true
    }
  }
}