{
  "_fv": 34,
  "_type": "recipe",
  "definition": {
    "recipeType": "Crafting",
    "xpReward": 0.0,
    "cookingTime": 200,
    "recipeRetstackSize": 1,
    "group": "",
    "recipeShapeless": false,
    "recipeSlots": [
      {
        "value": "Items.COPPER_INGOT"
      },
      {
        "value": "CUSTOM:ConductiveIronIngot"
      },
      {
        "value": "Items.COPPER_INGOT"
      },
      {
        "value": "Blocks.FURNACE"
      },
      {
        "value": "CUSTOM:InfiniteWater"
      },
      {
        "value": "Blocks.FURNACE"
      },
      {
        "value": "Blocks.SMOOTH_STONE"
      },
      {
        "value": "Blocks.HEAVY_WEIGHTED_PRESSURE_PLATE"
      },
      {
        "value": "Blocks.SMOOTH_STONE"
      }
    ],
    "recipeReturnStack": {
      "value": "CUSTOM:Boiler"
    },
    "name": "boiler_reciepe",
    "namespace": "mod"
  }
}