{
  "_fv": 34,
  "_type": "tool",
  "definition": {
    "renderType": 0,
    "texture": "cobaltsaw",
    "customModelName": "Normal",
    "name": "Iron Saw",
    "specialInfo": [],
    "creativeTab": {
      "value": "CUSTOM:Probamod"
    },
    "toolType": "Axe",
    "harvestLevel": 3,
    "efficiency": 5.0,
    "attackSpeed": 0.30000000000000004,
    "enchantability": 20,
    "damageVsEntity": 14.0,
    "usageCount": 800,
    "blocksAffected": [],
    "hasGlow": false,
    "repairItems": [],
    "immuneToFire": true,
    "stayInGridWhenCrafting": false,
    "damageOnCrafting": false,
    "onBlockDestroyedWithTool": {
      "name": "IronSawBlockDestroyedWithTool"
    }
  }
}