{
  "_fv": 34,
  "_type": "gui",
  "definition": {
    "type": 1,
    "width": 176,
    "height": 166,
    "inventoryOffsetX": 0,
    "inventoryOffsetY": 0,
    "renderBgLayer": true,
    "doesPauseGame": false,
    "components": [
      {
        "type": "label",
        "data": {
          "text": "Crusher",
          "color": {
            "value": -12829636,
            "falpha": 0.0
          },
          "name": "Crusher",
          "x": 132,
          "y": 44
        }
      },
      {
        "type": "inputslot",
        "data": {
          "inputLimit": {
            "value": "Items.COAL#0"
          },
          "id": 0,
          "disableStackInteraction": false,
          "dropItemsWhenNotBound": true,
          "name": "Slot #0",
          "x": 141,
          "y": 71
        }
      },
      {
        "type": "image",
        "data": {
          "image": "progress_bar_empty.png",
          "use1Xscale": false,
          "name": "progress_bar_empty.png",
          "x": 231,
          "y": 44
        }
      },
      {
        "type": "image",
        "data": {
          "image": "progress_bar_filled_0.png",
          "use1Xscale": false,
          "displayCondition": {
            "name": "Progressbarempty"
          },
          "name": "progress_bar_filled_0.png",
          "x": 231,
          "y": 44
        }
      },
      {
        "type": "image",
        "data": {
          "image": "progress_bar_filled_1.png",
          "use1Xscale": false,
          "displayCondition": {
            "name": "Progressbar1"
          },
          "name": "progress_bar_filled_1.png",
          "x": 231,
          "y": 44
        }
      },
      {
        "type": "image",
        "data": {
          "image": "progress_bar_filled_2.png",
          "use1Xscale": false,
          "displayCondition": {
            "name": "Progressbar2"
          },
          "name": "progress_bar_filled_2.png",
          "x": 231,
          "y": 44
        }
      },
      {
        "type": "image",
        "data": {
          "image": "progress_bar_filled_3.png",
          "use1Xscale": false,
          "displayCondition": {
            "name": "Progressbar3"
          },
          "name": "progress_bar_filled_3.png",
          "x": 231,
          "y": 44
        }
      },
      {
        "type": "image",
        "data": {
          "image": "progress_bar_filled_4.png",
          "use1Xscale": false,
          "displayCondition": {
            "name": "Progressbar4"
          },
          "name": "progress_bar_filled_4.png",
          "x": 231,
          "y": 44
        }
      },
      {
        "type": "image",
        "data": {
          "image": "progress_bar_filled_5.png",
          "use1Xscale": false,
          "displayCondition": {
            "name": "Progressbar5"
          },
          "name": "progress_bar_filled_5.png",
          "x": 231,
          "y": 44
        }
      },
      {
        "type": "image",
        "data": {
          "image": "progress_bar_filled_6.png",
          "use1Xscale": false,
          "displayCondition": {
            "name": "Progressbar6"
          },
          "name": "progress_bar_filled_6.png",
          "x": 231,
          "y": 44
        }
      },
      {
        "type": "image",
        "data": {
          "image": "progress_bar_filled_7.png",
          "use1Xscale": false,
          "displayCondition": {
            "name": "Progressbar7"
          },
          "name": "progress_bar_filled_7.png",
          "x": 231,
          "y": 44
        }
      },
      {
        "type": "image",
        "data": {
          "image": "progress_bar_filled_8.png",
          "use1Xscale": false,
          "displayCondition": {
            "name": "Progressbar8"
          },
          "name": "progress_bar_filled_8.png",
          "x": 231,
          "y": 44
        }
      },
      {
        "type": "image",
        "data": {
          "image": "progress_bar_filled_9.png",
          "use1Xscale": false,
          "displayCondition": {
            "name": "Progressbar9"
          },
          "name": "progress_bar_filled_9.png",
          "x": 231,
          "y": 44
        }
      },
      {
        "type": "outputslot",
        "data": {
          "id": 2,
          "disableStackInteraction": false,
          "dropItemsWhenNotBound": true,
          "name": "Slot #2",
          "x": 204,
          "y": 98
        }
      },
      {
        "type": "outputslot",
        "data": {
          "id": 1,
          "disableStackInteraction": false,
          "dropItemsWhenNotBound": true,
          "name": "Slot #1",
          "x": 177,
          "y": 98
        }
      },
      {
        "type": "inputslot",
        "data": {
          "inputLimit": {
            "value": ""
          },
          "id": 4,
          "disableStackInteraction": false,
          "dropItemsWhenNotBound": true,
          "name": "Slot #4",
          "x": 204,
          "y": 62
        }
      },
      {
        "type": "outputslot",
        "data": {
          "id": 3,
          "disableStackInteraction": false,
          "dropItemsWhenNotBound": true,
          "name": "Slot #3",
          "x": 231,
          "y": 98
        }
      }
    ],
    "gridSettings": {
      "sx": 18,
      "sy": 18,
      "ox": 11,
      "oy": 15,
      "snapOnGrid": true
    }
  }
}