{
  "_fv": 39,
  "_type": "tool",
  "definition": {
    "renderType": 1,
    "texture": "drill2",
    "customModelName": "model4:default",
    "name": "Drill",
    "specialInfo": [],
    "creativeTab": {
      "value": "CUSTOM:Probamod"
    },
    "toolType": "Pickaxe",
    "harvestLevel": 1,
    "efficiency": 4.0,
    "attackSpeed": 1.0,
    "enchantability": 2,
    "damageVsEntity": 4.0,
    "usageCount": 300,
    "blocksAffected": [],
    "hasGlow": false,
    "repairItems": [],
    "immuneToFire": false,
    "stayInGridWhenCrafting": false,
    "damageOnCrafting": false,
    "onBlockDestroyedWithTool": {
      "name": "DrillRightclickedOnBlock"
    }
  }
}