{
  "_fv": 39,
  "_type": "gui",
  "definition": {
    "type": 1,
    "width": 176,
    "height": 166,
    "inventoryOffsetX": 0,
    "inventoryOffsetY": 0,
    "renderBgLayer": true,
    "doesPauseGame": false,
    "components": [
      {
        "type": "inputslot",
        "data": {
          "inputLimit": {
            "value": ""
          },
          "disablePlacement": {
            "fixedValue": false
          },
          "id": 0,
          "disablePickup": {
            "fixedValue": false
          },
          "dropItemsWhenNotBound": true,
          "x": 141,
          "y": 71
        }
      },
      {
        "type": "label",
        "data": {
          "name": "label_dustsmelter",
          "text": {
            "fixedValue": "DustSmelter"
          },
          "color": {
            "value": -12829636,
            "falpha": 0.0
          },
          "x": 132,
          "y": 44
        }
      },
      {
        "type": "outputslot",
        "data": {
          "id": 1,
          "disablePickup": {
            "fixedValue": false
          },
          "dropItemsWhenNotBound": true,
          "x": 267,
          "y": 71
        }
      },
      {
        "type": "label",
        "data": {
          "name": "label_bnbtnumberprocess",
          "text": {
            "fixedValue": "<BNBT:number:Process>"
          },
          "color": {
            "value": -12829636,
            "falpha": 0.0
          },
          "x": 222,
          "y": 71
        }
      },
      {
        "type": "label",
        "data": {
          "name": "label_bnbtnumberfuel",
          "text": {
            "fixedValue": "<BNBT:number:Fuel>"
          },
          "color": {
            "value": -12829636,
            "falpha": 0.0
          },
          "x": 159,
          "y": 71
        }
      }
    ],
    "gridSettings": {
      "sx": 18,
      "sy": 18,
      "ox": 11,
      "oy": 15,
      "snapOnGrid": true
    }
  }
}