{
  "_fv": 39,
  "_type": "tool",
  "definition": {
    "renderType": 0,
    "texture": "flint_pickaxe",
    "customModelName": "Normal",
    "name": "Flint Pickaxe",
    "specialInfo": [],
    "creativeTab": {
      "value": "CUSTOM:Probamod"
    },
    "toolType": "Pickaxe",
    "harvestLevel": 1,
    "efficiency": 3.0,
    "attackSpeed": 1.0,
    "enchantability": 4,
    "damageVsEntity": 1.0,
    "usageCount": 60,
    "blocksAffected": [],
    "hasGlow": false,
    "repairItems": [
      {
        "value": "Items.FLINT"
      }
    ],
    "immuneToFire": false,
    "stayInGridWhenCrafting": false,
    "damageOnCrafting": false,
    "onBlockDestroyedWithTool": {
      "name": "FlintPickaxeBlockDestroyedWithTool"
    }
  }
}