{
  "_fv": 34,
  "_type": "tool",
  "definition": {
    "renderType": 0,
    "texture": "flint_sword",
    "customModelName": "Normal",
    "name": "Flint Sword",
    "specialInfo": [
      "Fire Aspect"
    ],
    "creativeTab": {
      "value": "CUSTOM:Probamod"
    },
    "toolType": "Sword",
    "harvestLevel": 1,
    "efficiency": 3.0,
    "attackSpeed": 1.0,
    "enchantability": 4,
    "damageVsEntity": 6.0,
    "usageCount": 60,
    "blocksAffected": [],
    "hasGlow": false,
    "repairItems": [
      {
        "value": "Items.FLINT"
      }
    ],
    "immuneToFire": false,
    "stayInGridWhenCrafting": false,
    "damageOnCrafting": false,
    "onEntityHitWith": {
      "name": "FlintSwordLivingEntityIsHitWithTool"
    }
  }
}