{
  "_fv": 34,
  "_type": "tool",
  "definition": {
    "renderType": 0,
    "texture": "golddrillanimation",
    "customModelName": "Normal",
    "name": "Gold Drill",
    "specialInfo": [],
    "creativeTab": {
      "value": "TOOLS"
    },
    "toolType": "Pickaxe",
    "harvestLevel": 2,
    "efficiency": 16.0,
    "attackSpeed": 20.0,
    "enchantability": 2,
    "damageVsEntity": 0.0,
    "usageCount": 80,
    "blocksAffected": [],
    "hasGlow": false,
    "repairItems": [],
    "immuneToFire": false,
    "stayInGridWhenCrafting": false,
    "damageOnCrafting": false,
    "onBlockDestroyedWithTool": {
      "name": "DrillRightclickedOnBlock"
    }
  }
}