{
  "_fv": 34,
  "_type": "tool",
  "definition": {
    "renderType": 0,
    "texture": "goldsaw",
    "customModelName": "Normal",
    "name": "Iron Saw",
    "specialInfo": [],
    "creativeTab": {
      "value": "CUSTOM:Probamod"
    },
    "toolType": "Axe",
    "harvestLevel": 2,
    "efficiency": 12.0,
    "attackSpeed": 0.30000000000000004,
    "enchantability": 22,
    "damageVsEntity": 14.0,
    "usageCount": 100,
    "blocksAffected": [],
    "hasGlow": false,
    "repairItems": [
      {
        "value": "Items.IRON_INGOT"
      }
    ],
    "immuneToFire": true,
    "stayInGridWhenCrafting": true,
    "damageOnCrafting": false,
    "onBlockDestroyedWithTool": {
      "name": "IronSawBlockDestroyedWithTool"
    }
  }
}