{
  "_fv": 39,
  "_type": "recipe",
  "definition": {
    "recipeType": "Smelting",
    "xpReward": 4.8999999999999995,
    "cookingTime": 200,
    "recipeRetstackSize": 1,
    "group": "",
    "recipeShapeless": false,
    "recipeSlots": [
      {
        "value": ""
      },
      {
        "value": ""
      },
      {
        "value": ""
      },
      {
        "value": ""
      },
      {
        "value": ""
      },
      {
        "value": ""
      },
      {
        "value": ""
      },
      {
        "value": ""
      },
      {
        "value": ""
      }
    ],
    "recipeReturnStack": {
      "value": ""
    },
    "smeltingInputStack": {
      "value": "CUSTOM:NaquadahOre"
    },
    "smeltingReturnStack": {
      "value": "CUSTOM:NaquadahDust"
    },
    "name": "naquadah_ore_smelting",
    "namespace": "mod"
  }
}