{
  "_fv": 34,
  "_type": "fluid",
  "definition": {
    "name": "Oil",
    "bucketName": "Oil Bucket",
    "textureStill": "oil",
    "textureFlowing": "oil",
    "tintType": "No tint",
    "canMultiply": false,
    "flowRate": 40,
    "levelDecrease": 1,
    "slopeFindDistance": 4,
    "spawnParticles": false,
    "dripParticle": {
      "value": "EXPLOSION_NORMAL"
    },
    "flowStrength": 1.0,
    "luminosity": 0,
    "density": 2000,
    "viscosity": 5000,
    "temperature": 300,
    "type": "WATER",
    "generateBucket": true,
    "textureBucket": "",
    "creativeTab": {
      "value": "CUSTOM:Probamod"
    },
    "emptySound": {
      "value": ""
    },
    "rarity": "COMMON",
    "specialInfo": [],
    "resistance": 100.0,
    "luminance": 0,
    "lightOpacity": 1,
    "emissiveRendering": false,
    "tickRate": 10,
    "flammability": 30,
    "fireSpreadSpeed": 0,
    "colorOnMap": "DEFAULT",
    "frequencyOnChunks": 10,
    "spawnWorldTypes": [
      "Surface"
    ],
    "restrictionBiomes": [
      {
        "value": "badlands"
      },
      {
        "value": "desert_hills"
      },
      {
        "value": "desert"
      },
      {
        "value": "mutated_desert"
      },
      {
        "value": "frozen_peaks"
      }
    ]
  }
}