{
  "_fv": 39,
  "_type": "gui",
  "definition": {
    "type": 1,
    "width": 271,
    "height": 166,
    "inventoryOffsetX": 0,
    "inventoryOffsetY": 0,
    "renderBgLayer": true,
    "doesPauseGame": false,
    "components": [
      {
        "type": "label",
        "data": {
          "name": "label_energy",
          "text": {
            "fixedValue": "<energy>"
          },
          "color": {
            "value": -12829636,
            "falpha": 0.0
          },
          "x": 141,
          "y": 44
        }
      },
      {
        "type": "label",
        "data": {
          "name": "label_fluidlevel",
          "text": {
            "fixedValue": "<fluidlevel>"
          },
          "color": {
            "value": -12829636,
            "falpha": 0.0
          },
          "x": 141,
          "y": 53
        }
      },
      {
        "type": "label",
        "data": {
          "name": "label_oil_refinery",
          "text": {
            "fixedValue": "Oil Refinery"
          },
          "color": {
            "value": -12829636,
            "falpha": 0.0
          },
          "x": 231,
          "y": 44
        }
      },
      {
        "type": "inputslot",
        "data": {
          "inputLimit": {
            "value": ""
          },
          "disablePlacement": {
            "fixedValue": false
          },
          "id": 0,
          "disablePickup": {
            "fixedValue": false
          },
          "dropItemsWhenNotBound": true,
          "x": 137,
          "y": 67
        }
      },
      {
        "type": "outputslot",
        "data": {
          "id": 1,
          "disablePickup": {
            "fixedValue": false
          },
          "dropItemsWhenNotBound": true,
          "x": 137,
          "y": 95
        }
      },
      {
        "type": "outputslot",
        "data": {
          "id": 2,
          "disablePickup": {
            "fixedValue": false
          },
          "dropItemsWhenNotBound": true,
          "x": 186,
          "y": 80
        }
      },
      {
        "type": "outputslot",
        "data": {
          "id": 3,
          "disablePickup": {
            "fixedValue": false
          },
          "dropItemsWhenNotBound": true,
          "x": 204,
          "y": 80
        }
      },
      {
        "type": "outputslot",
        "data": {
          "id": 4,
          "disablePickup": {
            "fixedValue": false
          },
          "dropItemsWhenNotBound": true,
          "x": 222,
          "y": 80
        }
      },
      {
        "type": "outputslot",
        "data": {
          "id": 5,
          "disablePickup": {
            "fixedValue": false
          },
          "dropItemsWhenNotBound": true,
          "x": 240,
          "y": 80
        }
      },
      {
        "type": "outputslot",
        "data": {
          "id": 6,
          "disablePickup": {
            "fixedValue": false
          },
          "dropItemsWhenNotBound": true,
          "x": 258,
          "y": 80
        }
      },
      {
        "type": "label",
        "data": {
          "name": "label_bnbtnumberprocess",
          "text": {
            "fixedValue": "<BNBT:number:process>"
          },
          "color": {
            "value": -12829636,
            "falpha": 0.0
          },
          "x": 186,
          "y": 107
        }
      },
      {
        "type": "label",
        "data": {
          "name": "label_mode",
          "text": {
            "fixedValue": "Mode"
          },
          "color": {
            "value": -12829636,
            "falpha": 0.0
          },
          "x": 82,
          "y": 140
        }
      },
      {
        "type": "label",
        "data": {
          "name": "label_energia",
          "text": {
            "fixedValue": "Energia"
          },
          "color": {
            "value": -12829636,
            "falpha": 0.0
          },
          "x": 102,
          "y": 43
        }
      },
      {
        "type": "label",
        "data": {
          "name": "label_fluid",
          "text": {
            "fixedValue": "Fluid"
          },
          "color": {
            "value": -12829636,
            "falpha": 0.0
          },
          "x": 112,
          "y": 53
        }
      },
      {
        "type": "inputslot",
        "data": {
          "inputLimit": {
            "value": ""
          },
          "disablePlacement": {
            "fixedValue": false
          },
          "id": 7,
          "disablePickup": {
            "fixedValue": false
          },
          "dropItemsWhenNotBound": true,
          "x": 110,
          "y": 138
        }
      }
    ],
    "gridSettings": {
      "sx": 18,
      "sy": 18,
      "ox": 11,
      "oy": 15,
      "snapOnGrid": false
    }
  }
}