{
  "_fv": 34,
  "_type": "gui",
  "definition": {
    "type": 1,
    "width": 271,
    "height": 166,
    "inventoryOffsetX": 0,
    "inventoryOffsetY": 0,
    "renderBgLayer": true,
    "doesPauseGame": false,
    "components": [
      {
        "type": "label",
        "data": {
          "text": "<energy>",
          "color": {
            "value": -12829636,
            "falpha": 0.0
          },
          "name": "<energy>",
          "x": 141,
          "y": 44
        }
      },
      {
        "type": "label",
        "data": {
          "text": "<fluidlevel>",
          "color": {
            "value": -12829636,
            "falpha": 0.0
          },
          "name": "<fluidlevel>",
          "x": 141,
          "y": 53
        }
      },
      {
        "type": "label",
        "data": {
          "text": "Oil Refinery",
          "color": {
            "value": -12829636,
            "falpha": 0.0
          },
          "name": "Oil Refinery",
          "x": 231,
          "y": 44
        }
      },
      {
        "type": "inputslot",
        "data": {
          "inputLimit": {
            "value": ""
          },
          "id": 0,
          "disableStackInteraction": false,
          "dropItemsWhenNotBound": true,
          "name": "Slot #0",
          "x": 137,
          "y": 67
        }
      },
      {
        "type": "outputslot",
        "data": {
          "id": 1,
          "disableStackInteraction": false,
          "dropItemsWhenNotBound": true,
          "name": "Slot #1",
          "x": 137,
          "y": 95
        }
      },
      {
        "type": "outputslot",
        "data": {
          "id": 2,
          "disableStackInteraction": false,
          "dropItemsWhenNotBound": true,
          "name": "Slot #2",
          "x": 186,
          "y": 80
        }
      },
      {
        "type": "outputslot",
        "data": {
          "id": 3,
          "disableStackInteraction": false,
          "dropItemsWhenNotBound": true,
          "name": "Slot #3",
          "x": 204,
          "y": 80
        }
      },
      {
        "type": "outputslot",
        "data": {
          "id": 4,
          "disableStackInteraction": false,
          "dropItemsWhenNotBound": true,
          "name": "Slot #4",
          "x": 222,
          "y": 80
        }
      },
      {
        "type": "outputslot",
        "data": {
          "id": 5,
          "disableStackInteraction": false,
          "dropItemsWhenNotBound": true,
          "name": "Slot #5",
          "x": 240,
          "y": 80
        }
      },
      {
        "type": "outputslot",
        "data": {
          "id": 6,
          "disableStackInteraction": false,
          "dropItemsWhenNotBound": true,
          "name": "Slot #6",
          "x": 258,
          "y": 80
        }
      },
      {
        "type": "label",
        "data": {
          "text": "<BNBT:number:process>",
          "color": {
            "value": -12829636,
            "falpha": 0.0
          },
          "name": "<BNBT:number:process>",
          "x": 186,
          "y": 107
        }
      },
      {
        "type": "label",
        "data": {
          "text": "Mode",
          "color": {
            "value": -12829636,
            "falpha": 0.0
          },
          "name": "Mode",
          "x": 82,
          "y": 140
        }
      },
      {
        "type": "label",
        "data": {
          "text": "Energia",
          "color": {
            "value": -12829636,
            "falpha": 0.0
          },
          "name": "Energia",
          "x": 102,
          "y": 43
        }
      },
      {
        "type": "label",
        "data": {
          "text": "Fluid",
          "color": {
            "value": -12829636,
            "falpha": 0.0
          },
          "name": "Fluid",
          "x": 112,
          "y": 53
        }
      },
      {
        "type": "inputslot",
        "data": {
          "inputLimit": {
            "value": ""
          },
          "id": 7,
          "disableStackInteraction": false,
          "dropItemsWhenNotBound": true,
          "name": "Slot #7",
          "x": 110,
          "y": 138
        }
      }
    ],
    "gridSettings": {
      "sx": 18,
      "sy": 18,
      "ox": 11,
      "oy": 15,
      "snapOnGrid": false
    }
  }
}