{
  "_fv": 39,
  "_type": "recipe",
  "definition": {
    "recipeType": "Crafting",
    "xpReward": 0.0,
    "cookingTime": 200,
    "recipeRetstackSize": 32,
    "group": "",
    "recipeShapeless": false,
    "recipeSlots": [
      {
        "value": "Items.COPPER_INGOT"
      },
      {
        "value": "Items.COPPER_INGOT"
      },
      {
        "value": "Items.COPPER_INGOT"
      },
      {
        "value": "Items.GUNPOWDER"
      },
      {
        "value": "Items.GUNPOWDER"
      },
      {
        "value": "Items.IRON_INGOT"
      },
      {
        "value": "Items.COPPER_INGOT"
      },
      {
        "value": "Items.COPPER_INGOT"
      },
      {
        "value": "Items.COPPER_INGOT"
      }
    ],
    "recipeReturnStack": {
      "value": "CUSTOM:Ammunition"
    },
    "name": "reciepeammo",
    "namespace": "mod"
  }
}