{
  "_fv": 34,
  "_type": "biome",
  "definition": {
    "name": "Sivatag",
    "groundBlock": {
      "value": "Blocks.SAND#0"
    },
    "undergroundBlock": {
      "value": "Blocks.SANDSTONE#0"
    },
    "underwaterBlock": {
      "value": "Blocks.SANDSTONE#0"
    },
    "airColor": {
      "value": -103,
      "falpha": 0.0
    },
    "grassColor": {
      "value": -6684826,
      "falpha": 0.0
    },
    "foliageColor": {
      "value": -13421824,
      "falpha": 0.0
    },
    "waterColor": {
      "value": -16763956,
      "falpha": 0.0
    },
    "waterFogColor": {
      "value": -16751002,
      "falpha": 0.0
    },
    "ambientSound": {
      "value": ""
    },
    "additionsSound": {
      "value": ""
    },
    "music": {
      "value": ""
    },
    "moodSound": {
      "value": ""
    },
    "moodSoundDelay": 6000,
    "spawnParticles": true,
    "particleToSpawn": {
      "value": "ASH"
    },
    "particlesProbability": 0.8,
    "rainingPossibility": 0.1,
    "temperature": 2.0,
    "baseHeight": 0.2,
    "heightVariation": 0.1,
    "spawnBiome": true,
    "spawnBiomeNether": false,
    "spawnInCaves": false,
    "biomeWeight": 30,
    "grassPerChunk": 4,
    "seagrassPerChunk": 0,
    "flowersPerChunk": 0,
    "mushroomsPerChunk": 0,
    "bigMushroomsChunk": 0,
    "sandPatchesPerChunk": 0,
    "gravelPatchesPerChunk": 1,
    "reedsPerChunk": 0,
    "cactiPerChunk": 1,
    "treesPerChunk": 4,
    "vanillaTreeType": "Savanna trees",
    "treeType": 1,
    "minHeight": 7,
    "treeStem": {
      "value": "Blocks.LOG#0"
    },
    "treeBranch": {
      "value": "Blocks.AIR"
    },
    "treeVines": {
      "value": "Blocks.WEB"
    },
    "treeFruits": {
      "value": "Blocks.WEB"
    },
    "spawnStronghold": false,
    "spawnMineshaft": false,
    "spawnMineshaftMesa": false,
    "spawnPillagerOutpost": false,
    "villageType": "desert",
    "spawnWoodlandMansion": false,
    "spawnJungleTemple": false,
    "spawnDesertPyramid": true,
    "spawnSwampHut": false,
    "spawnIgloo": false,
    "spawnOceanMonument": false,
    "spawnShipwreck": false,
    "spawnShipwreckBeached": false,
    "spawnBuriedTreasure": false,
    "oceanRuinType": "NONE",
    "spawnNetherBridge": false,
    "spawnNetherFossil": false,
    "spawnBastionRemnant": false,
    "spawnEndCity": false,
    "spawnRuinedPortal": "NONE",
    "defaultFeatures": [
      "Caves",
      "Ores",
      "FrozenTopLayer"
    ],
    "spawnEntries": [
      {
        "entity": {
          "value": "EntityVillager"
        },
        "minGroup": 4,
        "maxGroup": 4,
        "weight": 20,
        "spawnType": "creature"
      }
    ]
  }
}