{
  "_fv": 34,
  "_type": "fluid",
  "definition": {
    "name": "Steam",
    "bucketName": "Steam Bucket",
    "textureStill": "steam",
    "textureFlowing": "steam",
    "tintType": "No tint",
    "canMultiply": false,
    "flowRate": 5,
    "levelDecrease": 1,
    "slopeFindDistance": 4,
    "spawnParticles": true,
    "dripParticle": {
      "value": "WATER_SPLASH"
    },
    "flowStrength": 1.0,
    "luminosity": 0,
    "density": -1040,
    "viscosity": 1000,
    "temperature": 373,
    "type": "WATER",
    "generateBucket": true,
    "textureBucket": "",
    "creativeTab": {
      "value": "CUSTOM:Probamod"
    },
    "emptySound": {
      "value": ""
    },
    "rarity": "COMMON",
    "specialInfo": [],
    "resistance": 100.0,
    "luminance": 0,
    "lightOpacity": 1,
    "emissiveRendering": false,
    "tickRate": 10,
    "flammability": 0,
    "fireSpreadSpeed": 0,
    "colorOnMap": "DEFAULT",
    "frequencyOnChunks": 5,
    "spawnWorldTypes": [],
    "restrictionBiomes": []
  }
}