{
  "_fv": 34,
  "_type": "tool",
  "definition": {
    "renderType": 0,
    "texture": "steel_pickaxe",
    "customModelName": "Normal",
    "name": "Steel Pickaxe",
    "specialInfo": [],
    "creativeTab": {
      "value": "CUSTOM:Probamod"
    },
    "toolType": "Pickaxe",
    "harvestLevel": 8,
    "efficiency": 14.0,
    "attackSpeed": 1.0,
    "enchantability": 20,
    "damageVsEntity": 4.0,
    "usageCount": 1000,
    "blocksAffected": [],
    "hasGlow": false,
    "repairItems": [
      {
        "value": "CUSTOM:SteelIngot"
      }
    ],
    "immuneToFire": false,
    "stayInGridWhenCrafting": false,
    "damageOnCrafting": false
  }
}