{
  "_fv": 39,
  "_type": "recipe",
  "definition": {
    "recipeType": "Crafting",
    "xpReward": 0.0,
    "cookingTime": 200,
    "recipeRetstackSize": 1,
    "group": "",
    "recipeShapeless": false,
    "recipeSlots": [
      {
        "value": ""
      },
      {
        "value": ""
      },
      {
        "value": ""
      },
      {
        "value": "CUSTOM:SteelIngot"
      },
      {
        "value": ""
      },
      {
        "value": "CUSTOM:SteelIngot"
      },
      {
        "value": "CUSTOM:SteelIngot"
      },
      {
        "value": ""
      },
      {
        "value": "CUSTOM:SteelIngot"
      }
    ],
    "recipeReturnStack": {
      "value": "CUSTOM:SteelArmor.boots"
    },
    "name": "steel_armor_boots_recipe",
    "namespace": "mod"
  }
}