{
  "_fv": 39,
  "_type": "tool",
  "definition": {
    "renderType": 0,
    "texture": "steel_shovel",
    "customModelName": "Normal",
    "name": "Steel Shovel",
    "specialInfo": [],
    "creativeTab": {
      "value": "CUSTOM:Probamod"
    },
    "toolType": "Spade",
    "harvestLevel": 3,
    "efficiency": 7.0,
    "attackSpeed": 0.7999999999999999,
    "enchantability": 20,
    "damageVsEntity": 3.0,
    "usageCount": 1000,
    "blocksAffected": [],
    "hasGlow": false,
    "repairItems": [
      {
        "value": "CUSTOM:SteelIngot"
      }
    ],
    "immuneToFire": false,
    "stayInGridWhenCrafting": false,
    "damageOnCrafting": false
  }
}