{
  "_fv": 39,
  "_type": "tool",
  "definition": {
    "renderType": 0,
    "texture": "steel_sword",
    "customModelName": "Normal",
    "name": "Steel Sword",
    "specialInfo": [],
    "creativeTab": {
      "value": "CUSTOM:Probamod"
    },
    "toolType": "Sword",
    "harvestLevel": 3,
    "efficiency": 7.0,
    "attackSpeed": 1.2000000000000002,
    "enchantability": 15,
    "damageVsEntity": 9.0,
    "usageCount": 1000,
    "blocksAffected": [],
    "hasGlow": false,
    "repairItems": [
      {
        "value": "CUSTOM:SteelIngot"
      }
    ],
    "immuneToFire": false,
    "stayInGridWhenCrafting": false,
    "damageOnCrafting": false
  }
}