{
  "_fv": 34,
  "_type": "recipe",
  "definition": {
    "recipeType": "Crafting",
    "xpReward": 0.0,
    "cookingTime": 200,
    "recipeRetstackSize": 1,
    "group": "",
    "recipeShapeless": false,
    "recipeSlots": [
      {
        "value": "CUSTOM:TriniumIngot"
      },
      {
        "value": "CUSTOM:TriniumIngot"
      },
      {
        "value": "CUSTOM:TriniumIngot"
      },
      {
        "value": "CUSTOM:TriniumIngot"
      },
      {
        "value": "CUSTOM:TriniumIngot"
      },
      {
        "value": "CUSTOM:TriniumIngot"
      },
      {
        "value": "CUSTOM:TriniumIngot"
      },
      {
        "value": "CUSTOM:TriniumIngot"
      },
      {
        "value": "CUSTOM:TriniumIngot"
      }
    ],
    "recipeReturnStack": {
      "value": "CUSTOM:TriniumBlock"
    },
    "name": "trinium_ore_block_recipe",
    "namespace": "mod"
  }
}